date,service,account_id,usage_type,cost_usd,region
2024-01-01,AmazonRDS,417542652329,Requests,0.13,us-west-2
2024-01-01,AmazonCloudWatch,483869013556,Requests,2.32,ap-southeast-1
2024-01-01,AmazonEC2,116102844460,BoxUsage,5.94,ap-southeast-1
2024-01-01,AmazonS3,809335873492,DataTransfer,5.9,eu-west-1
2024-01-01,AmazonCloudWatch,917437590567,BoxUsage,7.93,us-east-1
2024-01-01,AmazonEC2,297828418477,TimedStorage,7.32,us-west-2
2024-01-01,AmazonLambda,173449223888,DataTransfer,10.61,us-west-2
2024-01-01,AmazonRDS,723765941060,Requests,12.74,us-east-1
2024-01-01,AmazonEC2,514175273672,Requests,3.35,eu-west-1
2024-01-01,AmazonCloudWatch,562724378803,BoxUsage,2.9,us-west-2
2024-01-01,AmazonS3,742303737661,BoxUsage,12.77,us-east-1
2024-01-01,AmazonLambda,790059048060,Lambda-GB-Second,3.45,eu-west-1
2024-01-01,AmazonS3,855392091379,DataTransfer,10.06,us-east-1
2024-01-01,AmazonCloudWatch,295998487835,DataTransfer,7.31,us-west-2
2024-01-01,AmazonS3,791346701535,DataTransfer,10.52,us-east-1
2024-01-01,AmazonEC2,571250193931,Lambda-GB-Second,8.71,eu-west-1
2024-01-01,AmazonEC2,814435630046,DataTransfer,9.77,us-east-1
2024-01-01,AmazonLambda,542796113877,Requests,2.64,us-east-1
2024-01-02,AmazonCloudWatch,707788366312,DataTransfer,6.65,eu-west-1
2024-01-02,AmazonRDS,228591291303,DataTransfer,1.76,eu-west-1
2024-01-02,AmazonEC2,692529068953,DataTransfer,13.53,us-east-1
2024-01-02,AmazonLambda,621447363923,BoxUsage,6.36,ap-southeast-1
2024-01-02,AmazonS3,401908877759,BoxUsage,17.65,eu-west-1
2024-01-02,AmazonEC2,131013509250,Lambda-GB-Second,3.17,ap-southeast-1
2024-01-02,AmazonS3,931897096239,TimedStorage,28.38,us-east-1
2024-01-02,AmazonEC2,969345318261,BoxUsage,2.53,us-west-2
2024-01-02,AmazonCloudWatch,755652535881,Requests,11.69,us-west-2
2024-01-02,AmazonCloudWatch,405952883559,Lambda-GB-Second,16.12,eu-west-1
2024-01-02,AmazonEC2,589631269462,Lambda-GB-Second,22.67,us-west-2
2024-01-02,AmazonRDS,743804409913,BoxUsage,9.98,eu-west-1
2024-01-02,AmazonLambda,656818613954,DataTransfer,1.67,us-east-1
2024-01-02,AmazonS3,226437245032,TimedStorage,9.47,us-west-2
2024-01-02,AmazonCloudWatch,168499595006,DataTransfer,2.11,us-east-1
2024-01-03,AmazonRDS,586177742054,Lambda-GB-Second,7.77,us-east-1
2024-01-03,AmazonEC2,172564230505,TimedStorage,13.4,eu-west-1
2024-01-03,AmazonEC2,217830502449,Requests,9.15,ap-southeast-1
2024-01-03,AmazonLambda,842357758214,DataTransfer,4.5,us-west-2
2024-01-03,AmazonCloudWatch,932132147827,Requests,9.58,us-east-1
2024-01-03,AmazonCloudWatch,413643658505,TimedStorage,19.98,us-west-2
2024-01-03,AmazonS3,434199232642,BoxUsage,21.05,us-west-2
2024-01-03,AmazonEC2,578915144943,BoxUsage,0.99,us-east-1
2024-01-03,AmazonCloudWatch,275629225351,BoxUsage,16.35,ap-southeast-1
2024-01-03,AmazonRDS,649676389591,Requests,15.22,us-east-1
2024-01-03,AmazonLambda,929412473054,TimedStorage,3.9,eu-west-1
2024-01-03,AmazonLambda,750469971131,BoxUsage,8.67,ap-southeast-1
2024-01-03,AmazonCloudWatch,202248830325,Requests,11.88,us-east-1
2024-01-03,AmazonRDS,278627989109,BoxUsage,2.9,ap-southeast-1
2024-01-04,AmazonCloudWatch,140093967028,BoxUsage,13.59,ap-southeast-1
2024-01-04,AmazonRDS,811342912714,BoxUsage,10.6,us-west-2
2024-01-04,AmazonCloudWatch,966069796437,TimedStorage,7.67,us-east-1
2024-01-04,AmazonS3,510872674145,TimedStorage,5.0,us-east-1
2024-01-04,AmazonLambda,716784495484,TimedStorage,8.34,us-west-2
2024-01-04,AmazonCloudWatch,924189598387,Lambda-GB-Second,12.38,us-west-2
2024-01-04,AmazonS3,289889397441,Requests,16.37,us-west-2
2024-01-04,AmazonCloudWatch,185653947300,Lambda-GB-Second,7.81,us-west-2
2024-01-04,AmazonRDS,253318267458,BoxUsage,18.4,ap-southeast-1
2024-01-04,AmazonCloudWatch,444399794118,Lambda-GB-Second,9.23,eu-west-1
2024-01-04,AmazonEC2,550557310585,BoxUsage,12.68,eu-west-1
2024-01-04,AmazonLambda,722884868778,Lambda-GB-Second,9.58,ap-southeast-1
2024-01-04,AmazonLambda,197998927872,Requests,3.7,us-west-2
2024-01-05,AmazonRDS,631789779023,Requests,7.99,us-east-1
2024-01-05,AmazonCloudWatch,683988680404,BoxUsage,14.92,us-west-2
2024-01-05,AmazonLambda,974175692118,TimedStorage,10.5,us-east-1
2024-01-05,AmazonCloudWatch,768511617809,BoxUsage,1.22,us-west-2
2024-01-05,AmazonCloudWatch,160026385438,TimedStorage,10.72,us-west-2
2024-01-05,AmazonEC2,466407264946,BoxUsage,4.08,us-east-1
2024-01-05,AmazonRDS,698640075124,DataTransfer,16.82,us-west-2
2024-01-05,AmazonRDS,398689287414,TimedStorage,15.54,ap-southeast-1
2024-01-05,AmazonRDS,389348544010,DataTransfer,3.04,us-west-2
2024-01-05,AmazonS3,666418503966,TimedStorage,9.28,us-east-1
2024-01-05,AmazonCloudWatch,800369830560,Lambda-GB-Second,16.67,eu-west-1
2024-01-05,AmazonCloudWatch,862111098799,DataTransfer,9.9,ap-southeast-1
2024-01-05,AmazonEC2,586197585590,DataTransfer,20.07,eu-west-1
2024-01-06,AmazonRDS,847955649736,Requests,28.44,us-west-2
2024-01-06,AmazonLambda,570361162227,BoxUsage,14.74,us-east-1
2024-01-06,AmazonS3,500266295094,Lambda-GB-Second,3.39,ap-southeast-1
2024-01-06,AmazonRDS,478983598445,BoxUsage,4.14,ap-southeast-1
2024-01-06,AmazonLambda,615976947352,DataTransfer,9.87,us-west-2
2024-01-06,AmazonLambda,119584440792,BoxUsage,27.18,us-east-1
2024-01-06,AmazonCloudWatch,638641752962,TimedStorage,5.36,us-east-1
2024-01-06,AmazonEC2,664624188304,Lambda-GB-Second,4.34,us-east-1
2024-01-06,AmazonCloudWatch,629024262119,BoxUsage,18.96,us-east-1
2024-01-06,AmazonEC2,851495934860,Lambda-GB-Second,7.21,us-east-1
2024-01-06,AmazonCloudWatch,327632269072,TimedStorage,3.84,ap-southeast-1
2024-01-06,AmazonS3,102686687877,DataTransfer,11.92,us-west-2
2024-01-07,AmazonS3,955732311349,TimedStorage,22.93,us-east-1
2024-01-07,AmazonLambda,524880389392,BoxUsage,5.2,us-west-2
2024-01-07,AmazonS3,268429906652,DataTransfer,4.69,us-east-1
2024-01-07,AmazonRDS,609794524899,TimedStorage,1.51,us-east-1
2024-01-07,AmazonCloudWatch,873548558641,DataTransfer,5.27,us-west-2
2024-01-07,AmazonRDS,649528426316,TimedStorage,2.62,us-east-1
2024-01-07,AmazonLambda,968834935946,Lambda-GB-Second,0.82,eu-west-1
2024-01-07,AmazonS3,432373730153,Requests,17.22,eu-west-1
2024-01-08,AmazonEC2,155114100527,Requests,4.39,eu-west-1
2024-01-08,AmazonRDS,146554951868,Lambda-GB-Second,5.58,eu-west-1
2024-01-08,AmazonEC2,644552133389,BoxUsage,13.35,eu-west-1
2024-01-08,AmazonS3,972101026040,DataTransfer,2.48,ap-southeast-1
2024-01-08,AmazonRDS,543448778352,Requests,3.91,us-east-1
2024-01-08,AmazonLambda,184529144686,Requests,20.5,us-west-2
2024-01-08,AmazonLambda,172751792589,TimedStorage,11.65,ap-southeast-1
2024-01-08,AmazonLambda,664162245802,DataTransfer,13.17,us-west-2
2024-01-08,AmazonS3,154265012796,DataTransfer,6.66,us-east-1
2024-01-08,AmazonCloudWatch,192580254319,Lambda-GB-Second,11.45,ap-southeast-1
2024-01-08,AmazonRDS,194831102678,Lambda-GB-Second,5.27,us-west-2
2024-01-08,AmazonEC2,893327033491,TimedStorage,0.38,us-west-2
2024-01-08,AmazonLambda,936266039506,BoxUsage,8.72,ap-southeast-1
2024-01-08,AmazonEC2,404551675426,DataTransfer,11.58,us-west-2
2024-01-08,AmazonLambda,828817261250,TimedStorage,5.88,us-west-2
2024-01-09,AmazonS3,888827410995,TimedStorage,10.81,eu-west-1
2024-01-09,AmazonCloudWatch,194645119318,DataTransfer,11.26,us-west-2
2024-01-09,AmazonCloudWatch,629280536054,TimedStorage,21.3,ap-southeast-1
2024-01-09,AmazonS3,927106348070,DataTransfer,2.63,eu-west-1
2024-01-09,AmazonCloudWatch,246844647334,DataTransfer,4.05,us-west-2
2024-01-09,AmazonLambda,573404489247,Requests,0.77,ap-southeast-1
2024-01-09,AmazonS3,892671314707,TimedStorage,7.68,us-east-1
2024-01-09,AmazonLambda,674521358907,BoxUsage,7.09,ap-southeast-1
2024-01-09,AmazonCloudWatch,739574453223,BoxUsage,6.77,eu-west-1
2024-01-09,AmazonS3,561172758651,DataTransfer,22.63,us-west-2
2024-01-09,AmazonEC2,906505773466,Lambda-GB-Second,4.03,us-east-1
2024-01-09,AmazonS3,263868809033,BoxUsage,6.03,eu-west-1
2024-01-09,AmazonCloudWatch,394673176276,Requests,8.55,us-east-1
2024-01-10,AmazonLambda,399146844955,BoxUsage,15.97,us-east-1
2024-01-10,AmazonEC2,711973659237,TimedStorage,12.81,us-west-2
2024-01-10,AmazonS3,234452586387,TimedStorage,4.77,us-east-1
2024-01-10,AmazonLambda,968749396852,TimedStorage,6.56,us-west-2
2024-01-10,AmazonLambda,173403437049,BoxUsage,20.85,us-east-1
2024-01-10,AmazonS3,744958701655,Requests,5.74,eu-west-1
2024-01-10,AmazonLambda,626826679795,TimedStorage,18.73,us-west-2
2024-01-10,AmazonS3,651818636189,Requests,8.67,ap-southeast-1
2024-01-11,AmazonRDS,165380360421,BoxUsage,8.13,eu-west-1
2024-01-11,AmazonCloudWatch,546016043638,DataTransfer,9.68,ap-southeast-1
2024-01-11,AmazonEC2,144068752185,Requests,17.03,ap-southeast-1
2024-01-11,AmazonEC2,801025568739,TimedStorage,1.11,us-east-1
2024-01-11,AmazonCloudWatch,818380182419,Lambda-GB-Second,14.12,us-west-2
2024-01-12,AmazonS3,642901055481,Lambda-GB-Second,4.68,us-east-1
2024-01-12,AmazonLambda,333921242540,TimedStorage,21.65,ap-southeast-1
2024-01-12,AmazonS3,847262090105,BoxUsage,8.0,us-west-2
2024-01-12,AmazonS3,830056885049,TimedStorage,4.16,eu-west-1
2024-01-12,AmazonRDS,603885614664,Requests,7.85,us-west-2
2024-01-12,AmazonEC2,152600781776,DataTransfer,3.46,us-west-2
2024-01-12,AmazonCloudWatch,348114780478,DataTransfer,10.43,ap-southeast-1
2024-01-12,AmazonCloudWatch,588683635851,BoxUsage,16.99,us-east-1
2024-01-12,AmazonS3,662684646996,TimedStorage,9.58,eu-west-1
2024-01-12,AmazonCloudWatch,779595277433,TimedStorage,3.05,us-east-1
2024-01-12,AmazonS3,632934198248,TimedStorage,13.06,ap-southeast-1
2024-01-12,AmazonRDS,464455865002,Lambda-GB-Second,7.24,us-west-2
2024-01-12,AmazonRDS,626711537882,BoxUsage,10.55,us-east-1
2024-01-12,AmazonS3,904679569325,BoxUsage,20.19,us-east-1
2024-01-13,AmazonS3,813134162020,TimedStorage,5.23,eu-west-1
2024-01-13,AmazonEC2,176120351910,TimedStorage,5.35,us-east-1
2024-01-13,AmazonEC2,201171981036,Requests,10.94,eu-west-1
2024-01-13,AmazonRDS,221278280247,TimedStorage,13.03,us-west-2
2024-01-13,AmazonEC2,362901658990,Lambda-GB-Second,5.01,us-east-1
2024-01-13,AmazonEC2,395329310115,Requests,6.79,us-west-2
2024-01-13,AmazonEC2,103583859878,BoxUsage,10.33,us-west-2
2024-01-13,AmazonEC2,906262829829,Requests,5.97,ap-southeast-1
2024-01-13,AmazonCloudWatch,156653088643,TimedStorage,5.36,us-east-1
2024-01-13,AmazonLambda,225364379630,TimedStorage,3.63,us-west-2
2024-01-13,AmazonS3,863334567663,Requests,28.95,eu-west-1
2024-01-14,AmazonS3,303640883924,Lambda-GB-Second,9.59,us-east-1
2024-01-14,AmazonRDS,276945020473,Lambda-GB-Second,11.36,us-west-2
2024-01-14,AmazonCloudWatch,335401970179,Requests,8.1,us-west-2
2024-01-14,AmazonRDS,677280352866,BoxUsage,5.32,ap-southeast-1
2024-01-14,AmazonRDS,262332039584,TimedStorage,7.37,eu-west-1
2024-01-14,AmazonEC2,272901475465,DataTransfer,31.58,ap-southeast-1
2024-01-14,AmazonEC2,462981061125,Requests,6.17,us-east-1
2024-01-14,AmazonRDS,278357122719,Lambda-GB-Second,14.55,us-west-2
2024-01-14,AmazonS3,976769104127,BoxUsage,1.33,ap-southeast-1
2024-01-14,AmazonCloudWatch,388811785238,Requests,9.65,eu-west-1
2024-01-14,AmazonLambda,494218238228,DataTransfer,5.38,us-west-2
2024-01-15,AmazonEC2,343973895097,DataTransfer,8.47,ap-southeast-1
2024-01-15,AmazonS3,761091097413,DataTransfer,12.04,us-west-2
2024-01-15,AmazonCloudWatch,179917624990,Requests,7.5,us-west-2
2024-01-15,AmazonEC2,818557854653,Lambda-GB-Second,12.87,us-west-2
2024-01-15,AmazonLambda,400189461668,BoxUsage,1.09,eu-west-1
2024-01-15,AmazonCloudWatch,879689658781,TimedStorage,5.26,eu-west-1
2024-01-15,AmazonS3,480433486444,TimedStorage,7.5,ap-southeast-1
2024-01-15,AmazonCloudWatch,288379156872,TimedStorage,4.97,eu-west-1
2024-01-15,AmazonS3,745561115854,DataTransfer,4.54,us-west-2
2024-01-15,AmazonEC2,664297492391,Requests,12.1,us-east-1
2024-01-15,AmazonEC2,245319389778,BoxUsage,5.05,us-west-2
2024-01-16,AmazonLambda,989289196683,Lambda-GB-Second,7.22,us-west-2
2024-01-16,AmazonEC2,697985136638,Requests,6.65,eu-west-1
2024-01-16,AmazonLambda,169052890103,Requests,8.56,us-west-2
2024-01-16,AmazonCloudWatch,945146214354,TimedStorage,3.71,eu-west-1
2024-01-16,AmazonLambda,762742353292,DataTransfer,1.14,eu-west-1
2024-01-16,AmazonLambda,600605794137,TimedStorage,3.79,us-east-1
2024-01-16,AmazonRDS,340664012525,Lambda-GB-Second,1.8,us-west-2
2024-01-16,AmazonRDS,553638937730,TimedStorage,13.43,ap-southeast-1
2024-01-16,AmazonCloudWatch,764684266128,DataTransfer,3.29,us-west-2
2024-01-16,AmazonCloudWatch,452467398169,Requests,3.37,us-west-2
2024-01-16,AmazonS3,638644343712,TimedStorage,6.66,us-east-1
2024-01-16,AmazonCloudWatch,469719743160,Lambda-GB-Second,0.16,ap-southeast-1
2024-01-16,AmazonRDS,218647263054,Requests,27.66,ap-southeast-1
2024-01-17,AmazonCloudWatch,953914957424,Requests,4.54,eu-west-1
2024-01-17,AmazonLambda,534017276973,Lambda-GB-Second,2.59,us-west-2
2024-01-17,AmazonEC2,884464533494,Lambda-GB-Second,11.77,eu-west-1
2024-01-17,AmazonRDS,141745829890,BoxUsage,6.98,ap-southeast-1
2024-01-17,AmazonS3,881293274296,TimedStorage,6.54,us-east-1
2024-01-17,AmazonCloudWatch,192103224554,BoxUsage,26.6,us-west-2
2024-01-17,AmazonRDS,685825224244,Lambda-GB-Second,5.28,us-east-1
2024-01-17,AmazonEC2,100822430713,Lambda-GB-Second,18.86,us-east-1
2024-01-17,AmazonEC2,981713434374,TimedStorage,4.44,ap-southeast-1
2024-01-17,AmazonLambda,653935465469,Requests,17.21,us-west-2
2024-01-17,AmazonLambda,205931549371,Lambda-GB-Second,19.05,ap-southeast-1
2024-01-17,AmazonCloudWatch,918346583110,Lambda-GB-Second,2.73,ap-southeast-1
2024-01-17,AmazonRDS,557064247426,TimedStorage,5.93,ap-southeast-1
2024-01-17,AmazonRDS,361959802526,TimedStorage,19.17,us-east-1
2024-01-17,AmazonLambda,312730052375,TimedStorage,4.55,ap-southeast-1
2024-01-17,AmazonEC2,653733958935,DataTransfer,2.46,ap-southeast-1
2024-01-18,AmazonS3,592818741380,Requests,10.48,eu-west-1
2024-01-18,AmazonLambda,669880700917,DataTransfer,11.5,us-west-2
2024-01-18,AmazonS3,251411242462,Lambda-GB-Second,11.38,eu-west-1
2024-01-18,AmazonLambda,568548142822,DataTransfer,3.58,eu-west-1
2024-01-18,AmazonS3,588714380226,BoxUsage,20.39,ap-southeast-1
2024-01-18,AmazonS3,786744325176,Lambda-GB-Second,7.74,us-west-2
2024-01-18,AmazonLambda,455894785888,DataTransfer,5.35,us-east-1
2024-01-18,AmazonLambda,673825376022,DataTransfer,7.86,us-west-2
2024-01-18,AmazonEC2,154613398980,TimedStorage,8.18,us-west-2
2024-01-19,AmazonEC2,806947702307,TimedStorage,1.77,us-east-1
2024-01-19,AmazonRDS,889067656679,BoxUsage,8.9,ap-southeast-1
2024-01-19,AmazonLambda,834073376771,TimedStorage,13.53,ap-southeast-1
2024-01-19,AmazonRDS,271580697841,Requests,7.14,us-west-2
2024-01-19,AmazonRDS,205601747617,DataTransfer,3.97,us-west-2
2024-01-19,AmazonEC2,138483478237,Requests,6.91,eu-west-1
2024-01-19,AmazonS3,349878533486,TimedStorage,5.97,ap-southeast-1
2024-01-19,AmazonLambda,983512044178,Lambda-GB-Second,39.28,ap-southeast-1
2024-01-19,AmazonCloudWatch,293155254134,BoxUsage,24.51,ap-southeast-1
2024-01-19,AmazonRDS,258800060637,Lambda-GB-Second,8.95,us-east-1
2024-01-19,AmazonLambda,827877720995,BoxUsage,3.81,us-east-1
2024-01-19,AmazonEC2,600992666423,BoxUsage,3.66,us-west-2
2024-01-19,AmazonEC2,570549276841,DataTransfer,3.59,us-west-2
2024-01-19,AmazonCloudWatch,350478730118,BoxUsage,3.39,ap-southeast-1
2024-01-19,AmazonLambda,315734595206,DataTransfer,1.69,us-east-1
2024-01-20,AmazonCloudWatch,905098833817,TimedStorage,10.66,us-east-1
2024-01-20,AmazonCloudWatch,236847438392,DataTransfer,16.56,us-west-2
2024-01-20,AmazonEC2,511823291943,BoxUsage,22.45,eu-west-1
2024-01-20,AmazonLambda,322744500285,Lambda-GB-Second,13.28,eu-west-1
2024-01-20,AmazonRDS,896345682236,Lambda-GB-Second,5.61,us-east-1
2024-01-20,AmazonS3,870957511777,Requests,3.77,ap-southeast-1
2024-01-20,AmazonS3,911111781812,TimedStorage,15.52,us-east-1
2024-01-20,AmazonS3,323330138482,TimedStorage,5.54,us-west-2
2024-01-21,AmazonLambda,276426453338,TimedStorage,8.33,us-east-1
2024-01-21,AmazonCloudWatch,326950394214,DataTransfer,23.17,us-west-2
2024-01-21,AmazonLambda,409922149909,BoxUsage,0.73,us-west-2
2024-01-21,AmazonS3,657006878355,Requests,5.94,eu-west-1
2024-01-21,AmazonS3,346971125094,TimedStorage,17.1,us-west-2
2024-01-21,AmazonRDS,279112574196,BoxUsage,10.18,ap-southeast-1
2024-01-21,AmazonEC2,253927330878,Lambda-GB-Second,4.14,us-west-2
2024-01-21,AmazonEC2,115773936400,Requests,9.05,ap-southeast-1
2024-01-21,AmazonEC2,481807113299,TimedStorage,7.0,us-west-2
2024-01-21,AmazonCloudWatch,271826188973,Lambda-GB-Second,3.6,eu-west-1
2024-01-21,AmazonEC2,186116896934,Lambda-GB-Second,12.36,ap-southeast-1
2024-01-22,AmazonLambda,531346912776,BoxUsage,4.9,us-west-2
2024-01-22,AmazonCloudWatch,184129180440,BoxUsage,3.3,eu-west-1
2024-01-22,AmazonEC2,870247692542,Requests,7.51,us-east-1
2024-01-22,AmazonCloudWatch,213169052007,BoxUsage,5.73,us-east-1
2024-01-22,AmazonLambda,707614746808,BoxUsage,10.81,us-west-2
2024-01-22,AmazonEC2,103445706751,BoxUsage,25.66,us-east-1
2024-01-22,AmazonCloudWatch,230714488716,BoxUsage,11.35,eu-west-1
2024-01-22,AmazonCloudWatch,446457413600,Requests,19.57,us-east-1
2024-01-23,AmazonCloudWatch,722907466100,BoxUsage,9.26,us-west-2
2024-01-23,AmazonRDS,658331933794,DataTransfer,17.37,ap-southeast-1
2024-01-23,AmazonRDS,947657226607,Lambda-GB-Second,6.87,ap-southeast-1
2024-01-23,AmazonRDS,261224066730,DataTransfer,8.6,us-east-1
2024-01-23,AmazonCloudWatch,563505586947,DataTransfer,7.13,eu-west-1
2024-01-23,AmazonEC2,728481638020,BoxUsage,22.49,eu-west-1
2024-01-23,AmazonS3,146076869376,TimedStorage,9.92,ap-southeast-1
2024-01-23,AmazonS3,267858438419,Requests,2.39,us-west-2
2024-01-23,AmazonCloudWatch,815350813574,DataTransfer,4.95,us-east-1
2024-01-23,AmazonLambda,345369444458,BoxUsage,12.85,eu-west-1
2024-01-23,AmazonCloudWatch,756342546904,Lambda-GB-Second,6.69,eu-west-1
2024-01-23,AmazonS3,759383519996,DataTransfer,7.91,us-east-1
2024-01-23,AmazonRDS,860778941092,Requests,10.57,us-west-2
2024-01-23,AmazonRDS,605357156955,TimedStorage,12.04,us-east-1
2024-01-24,AmazonCloudWatch,659537613276,DataTransfer,2.56,eu-west-1
2024-01-24,AmazonRDS,554017077365,TimedStorage,6.07,us-west-2
2024-01-24,AmazonCloudWatch,403954678268,DataTransfer,5.65,us-west-2
2024-01-24,AmazonS3,454869952645,Lambda-GB-Second,0.73,eu-west-1
2024-01-24,AmazonRDS,457214116933,Lambda-GB-Second,1.0,us-east-1
2024-01-24,AmazonRDS,120504223564,BoxUsage,2.98,us-west-2
2024-01-24,AmazonCloudWatch,557963569964,BoxUsage,5.49,ap-southeast-1
2024-01-24,AmazonCloudWatch,271945191959,TimedStorage,13.03,us-east-1
2024-01-24,AmazonEC2,329407769453,Lambda-GB-Second,10.69,us-west-2
2024-01-24,AmazonRDS,739016076532,BoxUsage,28.11,eu-west-1
2024-01-24,AmazonS3,143212680325,TimedStorage,6.21,ap-southeast-1
2024-01-24,AmazonRDS,268498748385,Lambda-GB-Second,13.65,us-west-2
2024-01-24,AmazonRDS,354669670270,TimedStorage,5.42,us-west-2
2024-01-24,AmazonEC2,722054099209,BoxUsage,6.07,us-west-2
2024-01-24,AmazonS3,603349400497,TimedStorage,12.9,us-east-1
2024-01-24,AmazonRDS,398484011934,BoxUsage,33.8,us-east-1
2024-01-24,AmazonCloudWatch,304282747669,TimedStorage,1.91,eu-west-1
2024-01-25,AmazonLambda,796898920968,Lambda-GB-Second,11.33,eu-west-1
2024-01-25,AmazonCloudWatch,431805864627,TimedStorage,7.42,us-west-2
2024-01-25,AmazonEC2,503118176232,TimedStorage,2.34,us-east-1
2024-01-25,AmazonS3,454770868517,DataTransfer,3.06,us-west-2
2024-01-25,AmazonCloudWatch,313242330556,TimedStorage,8.53,eu-west-1
2024-01-25,AmazonEC2,962324637375,TimedStorage,14.41,ap-southeast-1
2024-01-25,AmazonCloudWatch,824315715017,Requests,24.88,eu-west-1
2024-01-25,AmazonEC2,727835533824,BoxUsage,6.94,eu-west-1
2024-01-25,AmazonLambda,809271319867,BoxUsage,3.59,us-west-2
2024-01-25,AmazonS3,916906160371,Lambda-GB-Second,7.26,ap-southeast-1
2024-01-26,AmazonS3,662216492541,BoxUsage,10.45,us-west-2
2024-01-26,AmazonS3,347904425648,DataTransfer,14.41,ap-southeast-1
2024-01-26,AmazonLambda,914922097797,Lambda-GB-Second,12.83,us-west-2
2024-01-26,AmazonEC2,134606254549,Lambda-GB-Second,3.53,us-west-2
2024-01-26,AmazonEC2,959429522077,DataTransfer,3.53,us-east-1
2024-01-26,AmazonEC2,110369564890,Requests,4.55,ap-southeast-1
2024-01-26,AmazonEC2,949305670204,DataTransfer,7.68,eu-west-1
2024-01-26,AmazonLambda,891261142265,Requests,4.27,ap-southeast-1
2024-01-26,AmazonS3,275312980958,Lambda-GB-Second,12.52,us-east-1
2024-01-26,AmazonEC2,585666787657,BoxUsage,6.32,us-west-2
2024-01-26,AmazonLambda,488573443914,DataTransfer,2.57,us-east-1
2024-01-26,AmazonCloudWatch,330820901070,Lambda-GB-Second,7.41,us-west-2
2024-01-27,AmazonS3,308949882034,DataTransfer,1.68,us-east-1
2024-01-27,AmazonS3,286280270848,Lambda-GB-Second,9.01,us-west-2
2024-01-27,AmazonLambda,866226388988,Requests,12.62,us-west-2
2024-01-27,AmazonLambda,794602596533,TimedStorage,5.12,ap-southeast-1
2024-01-27,AmazonS3,127143788005,TimedStorage,5.38,us-west-2
2024-01-27,AmazonS3,427828426607,Requests,6.35,eu-west-1
2024-01-27,AmazonRDS,706574173387,TimedStorage,11.12,eu-west-1
2024-01-27,AmazonS3,663727230618,DataTransfer,4.9,eu-west-1
2024-01-27,AmazonEC2,860939268874,Lambda-GB-Second,21.62,eu-west-1
2024-01-27,AmazonS3,673335415348,TimedStorage,17.83,ap-southeast-1
2024-01-27,AmazonCloudWatch,239636538136,TimedStorage,12.6,ap-southeast-1
2024-01-28,AmazonLambda,874073684349,Requests,5.09,ap-southeast-1
2024-01-28,AmazonRDS,189278865911,DataTransfer,11.19,us-east-1
2024-01-28,AmazonLambda,427904685151,Requests,9.62,us-east-1
2024-01-28,AmazonLambda,164298122858,BoxUsage,5.99,us-west-2
2024-01-28,AmazonS3,334103243025,BoxUsage,4.87,eu-west-1
2024-01-28,AmazonEC2,188081818186,BoxUsage,13.14,ap-southeast-1
2024-01-28,AmazonLambda,890957163456,TimedStorage,3.42,ap-southeast-1
2024-01-28,AmazonS3,491121161381,TimedStorage,6.94,ap-southeast-1
2024-01-28,AmazonCloudWatch,579206460569,BoxUsage,3.76,eu-west-1
2024-01-28,AmazonCloudWatch,881961844868,Requests,10.76,us-west-2
2024-01-29,AmazonLambda,493172920652,TimedStorage,21.16,us-west-2
2024-01-29,AmazonCloudWatch,709426879091,BoxUsage,9.99,us-west-2
2024-01-29,AmazonRDS,838051926312,Requests,12.06,us-east-1
2024-01-29,AmazonRDS,904465323173,TimedStorage,7.74,ap-southeast-1
2024-01-29,AmazonRDS,621066611816,Lambda-GB-Second,2.17,us-west-2
2024-01-29,AmazonCloudWatch,296132256735,DataTransfer,16.12,us-west-2
2024-01-29,AmazonLambda,640432161309,TimedStorage,2.57,us-west-2
2024-01-29,AmazonEC2,174797383122,DataTransfer,5.74,eu-west-1
2024-01-30,AmazonS3,208280571500,TimedStorage,10.13,ap-southeast-1
2024-01-30,AmazonLambda,426337730943,Lambda-GB-Second,7.19,us-east-1
2024-01-30,AmazonRDS,129450795765,Lambda-GB-Second,5.39,eu-west-1
2024-01-30,AmazonS3,281062937816,TimedStorage,7.71,eu-west-1
2024-01-30,AmazonLambda,251287953944,BoxUsage,15.19,ap-southeast-1
2024-01-30,AmazonS3,325634585549,Lambda-GB-Second,2.44,us-west-2
2024-01-30,AmazonS3,733094101836,Requests,0.9,ap-southeast-1
2024-01-30,AmazonEC2,203572844065,DataTransfer,11.83,us-west-2
2024-01-30,AmazonRDS,688804873305,TimedStorage,8.48,ap-southeast-1
2024-01-30,AmazonRDS,468328416677,DataTransfer,22.67,eu-west-1
2024-01-31,AmazonS3,300118959611,BoxUsage,10.79,us-west-2
2024-01-31,AmazonRDS,273455441006,TimedStorage,19.81,us-east-1
2024-01-31,AmazonEC2,506601661137,Lambda-GB-Second,3.92,us-west-2
2024-01-31,AmazonS3,296000588745,BoxUsage,6.4,ap-southeast-1
2024-02-01,AmazonS3,814455425284,Requests,13.53,ap-southeast-1
2024-02-01,AmazonRDS,233885111127,BoxUsage,19.23,us-east-1
2024-02-01,AmazonLambda,669550542344,BoxUsage,7.16,ap-southeast-1
2024-02-01,AmazonS3,590754153867,DataTransfer,5.04,us-east-1
2024-02-01,AmazonRDS,373975626875,Lambda-GB-Second,12.48,us-east-1
2024-02-01,AmazonEC2,947467293970,TimedStorage,1.08,us-west-2
2024-02-01,AmazonRDS,223069239798,BoxUsage,1.84,us-west-2
2024-02-01,AmazonRDS,272541374730,DataTransfer,2.93,ap-southeast-1
2024-02-01,AmazonEC2,541410343615,Lambda-GB-Second,1.37,ap-southeast-1
2024-02-01,AmazonEC2,484430023648,BoxUsage,8.46,us-west-2
2024-02-01,AmazonEC2,732817284372,BoxUsage,10.15,us-east-1
2024-02-01,AmazonLambda,973679771012,Requests,6.61,eu-west-1
2024-02-02,AmazonS3,569319613028,TimedStorage,5.55,eu-west-1
2024-02-02,AmazonEC2,138635455477,Requests,6.86,eu-west-1
2024-02-02,AmazonCloudWatch,320780437991,Requests,3.94,eu-west-1
2024-02-02,AmazonCloudWatch,156622760406,Requests,3.34,us-east-1
2024-02-02,AmazonEC2,855843924757,Lambda-GB-Second,15.81,us-west-2
2024-02-02,AmazonLambda,875805174796,BoxUsage,9.52,us-west-2
2024-02-02,AmazonS3,513893320826,TimedStorage,11.1,eu-west-1
2024-02-02,AmazonCloudWatch,886470760601,Lambda-GB-Second,10.05,ap-southeast-1
2024-02-02,AmazonEC2,768051724260,Requests,3.74,us-west-2
2024-02-02,AmazonEC2,216173947503,TimedStorage,7.53,eu-west-1
2024-02-02,AmazonEC2,913819082267,TimedStorage,1.02,us-east-1
2024-02-02,AmazonRDS,313067859125,Requests,13.71,ap-southeast-1
2024-02-02,AmazonCloudWatch,574498021975,Lambda-GB-Second,12.0,us-east-1
2024-02-02,AmazonS3,961014135095,Lambda-GB-Second,10.14,us-west-2
2024-02-02,AmazonEC2,625826143608,BoxUsage,4.32,us-east-1
2024-02-02,AmazonCloudWatch,701618670567,BoxUsage,9.93,ap-southeast-1
2024-02-02,AmazonEC2,613283939910,Requests,17.9,ap-southeast-1
2024-02-02,AmazonCloudWatch,624607890068,Requests,18.02,us-east-1
2024-02-02,AmazonRDS,622268332677,BoxUsage,10.05,eu-west-1
2024-02-02,AmazonCloudWatch,475828107604,BoxUsage,11.85,us-west-2
2024-02-03,AmazonRDS,778074862421,Requests,9.76,us-east-1
2024-02-03,AmazonCloudWatch,354838601790,Lambda-GB-Second,15.1,eu-west-1
2024-02-03,AmazonLambda,101411546560,BoxUsage,3.39,us-west-2
2024-02-03,AmazonLambda,878557879622,DataTransfer,7.73,us-east-1
2024-02-03,AmazonLambda,383768150009,DataTransfer,6.17,ap-southeast-1
2024-02-03,AmazonRDS,394878729177,BoxUsage,15.49,us-west-2
2024-02-03,AmazonCloudWatch,317173134777,TimedStorage,10.74,us-east-1
2024-02-03,AmazonS3,564608389517,Requests,9.33,ap-southeast-1
2024-02-03,AmazonCloudWatch,858119523177,DataTransfer,9.49,us-west-2
2024-02-03,AmazonS3,438574883793,TimedStorage,17.68,us-east-1
2024-02-03,AmazonS3,771975642673,DataTransfer,9.07,us-east-1
2024-02-04,AmazonEC2,211149441657,TimedStorage,5.48,us-west-2
2024-02-04,AmazonS3,710295526756,DataTransfer,3.5,ap-southeast-1
2024-02-04,AmazonEC2,995406404329,Requests,10.59,eu-west-1
2024-02-04,AmazonLambda,550806253278,DataTransfer,1.67,us-east-1
2024-02-04,AmazonCloudWatch,139090337753,Lambda-GB-Second,13.68,us-west-2
2024-02-04,AmazonRDS,502290505608,TimedStorage,2.04,us-east-1
2024-02-04,AmazonCloudWatch,872595978295,TimedStorage,12.94,ap-southeast-1
2024-02-04,AmazonS3,250763518501,TimedStorage,4.21,ap-southeast-1
2024-02-04,AmazonS3,418111763639,TimedStorage,15.97,us-west-2
2024-02-04,AmazonLambda,886682604312,Lambda-GB-Second,17.87,us-west-2
2024-02-04,AmazonLambda,440050187071,BoxUsage,14.03,us-west-2
2024-02-04,AmazonS3,381580778573,Lambda-GB-Second,9.84,ap-southeast-1
2024-02-05,AmazonRDS,558940970625,DataTransfer,10.08,ap-southeast-1
2024-02-05,AmazonCloudWatch,864548361737,Requests,7.57,us-east-1
2024-02-05,AmazonLambda,458968280103,DataTransfer,8.5,eu-west-1
2024-02-05,AmazonLambda,853552935212,TimedStorage,2.89,ap-southeast-1
2024-02-05,AmazonEC2,515722054996,BoxUsage,5.06,ap-southeast-1
2024-02-05,AmazonEC2,506333909772,Lambda-GB-Second,7.87,eu-west-1
2024-02-05,AmazonEC2,377989794013,TimedStorage,3.57,ap-southeast-1
2024-02-05,AmazonS3,385061364434,Requests,26.12,us-east-1
2024-02-05,AmazonRDS,908445478147,TimedStorage,26.87,us-east-1
2024-02-05,AmazonEC2,273209807410,BoxUsage,0.38,eu-west-1
2024-02-05,AmazonLambda,773544108709,Lambda-GB-Second,12.09,eu-west-1
2024-02-05,AmazonRDS,534172354590,TimedStorage,14.15,us-west-2
2024-02-05,AmazonCloudWatch,210301759489,Lambda-GB-Second,21.66,eu-west-1
2024-02-06,AmazonEC2,279429220313,Requests,1.59,us-west-2
2024-02-06,AmazonEC2,233478006540,DataTransfer,4.38,eu-west-1
2024-02-06,AmazonEC2,216783518787,Requests,4.61,eu-west-1
2024-02-06,AmazonCloudWatch,767120441386,BoxUsage,1.21,us-east-1
2024-02-06,AmazonS3,912646901394,DataTransfer,68.05,ap-southeast-1
2024-02-06,AmazonLambda,446940515631,BoxUsage,2.9,us-east-1
2024-02-06,AmazonEC2,374832161168,Requests,11.78,ap-southeast-1
2024-02-06,AmazonCloudWatch,389798175637,TimedStorage,11.69,us-east-1
2024-02-07,AmazonCloudWatch,980848931548,Lambda-GB-Second,13.41,eu-west-1
2024-02-07,AmazonRDS,433565111239,DataTransfer,8.46,us-west-2
2024-02-07,AmazonS3,707236335577,BoxUsage,25.16,us-east-1
2024-02-07,AmazonEC2,706065976008,BoxUsage,5.33,us-west-2
2024-02-07,AmazonRDS,334441015353,Requests,24.39,us-west-2
2024-02-07,AmazonCloudWatch,100988028024,DataTransfer,3.04,us-west-2
2024-02-07,AmazonEC2,939368022410,TimedStorage,15.6,ap-southeast-1
2024-02-07,AmazonCloudWatch,556264190537,BoxUsage,1.97,ap-southeast-1
2024-02-07,AmazonRDS,474340119734,DataTransfer,37.33,ap-southeast-1
2024-02-07,AmazonLambda,293218154583,BoxUsage,3.98,ap-southeast-1
2024-02-07,AmazonLambda,789698808707,TimedStorage,12.88,eu-west-1
2024-02-07,AmazonS3,807173300168,DataTransfer,7.85,us-east-1
2024-02-08,AmazonCloudWatch,123949597572,TimedStorage,7.71,eu-west-1
2024-02-08,AmazonS3,478409140472,Requests,2.15,us-east-1
2024-02-08,AmazonLambda,803969676072,Requests,8.26,us-west-2
2024-02-08,AmazonEC2,287277730856,DataTransfer,10.39,eu-west-1
2024-02-08,AmazonS3,188577076316,Requests,7.16,us-west-2
2024-02-08,AmazonCloudWatch,586624694503,Lambda-GB-Second,4.99,eu-west-1
2024-02-08,AmazonS3,443605458345,DataTransfer,17.36,ap-southeast-1
2024-02-08,AmazonRDS,675840499581,Requests,2.39,us-west-2
2024-02-08,AmazonS3,126481920946,DataTransfer,4.12,us-west-2
2024-02-08,AmazonS3,771852310880,TimedStorage,9.8,ap-southeast-1
2024-02-08,AmazonEC2,827182487362,Lambda-GB-Second,16.15,us-east-1
2024-02-08,AmazonLambda,631451352615,Lambda-GB-Second,4.02,us-west-2
2024-02-09,AmazonEC2,108348025635,Lambda-GB-Second,10.37,us-west-2
2024-02-09,AmazonRDS,632377995026,DataTransfer,2.04,us-east-1
2024-02-09,AmazonRDS,700923101037,BoxUsage,4.72,us-east-1
2024-02-09,AmazonCloudWatch,647014702434,BoxUsage,3.35,eu-west-1
2024-02-09,AmazonEC2,265752513585,Lambda-GB-Second,4.1,us-east-1
2024-02-09,AmazonEC2,997351906334,Lambda-GB-Second,7.03,ap-southeast-1
2024-02-09,AmazonLambda,900839105358,Requests,13.23,us-east-1
2024-02-09,AmazonRDS,664224418541,TimedStorage,17.06,us-west-2
2024-02-09,AmazonRDS,148622199165,BoxUsage,6.63,us-east-1
2024-02-10,AmazonEC2,986829002602,DataTransfer,7.63,us-east-1
2024-02-10,AmazonS3,998493422836,Lambda-GB-Second,6.23,ap-southeast-1
2024-02-10,AmazonCloudWatch,552129595187,Lambda-GB-Second,9.87,eu-west-1
2024-02-10,AmazonS3,536763640477,DataTransfer,7.14,eu-west-1
2024-02-10,AmazonRDS,234342257826,Requests,15.23,eu-west-1
2024-02-11,AmazonEC2,851755098248,Lambda-GB-Second,19.13,eu-west-1
2024-02-11,AmazonCloudWatch,941700104841,Requests,5.57,eu-west-1
2024-02-11,AmazonCloudWatch,454021173891,BoxUsage,23.37,ap-southeast-1
2024-02-11,AmazonCloudWatch,853961469305,DataTransfer,34.8,eu-west-1
2024-02-11,AmazonS3,510206387915,TimedStorage,16.35,us-west-2
2024-02-11,AmazonEC2,170514562258,Lambda-GB-Second,0.63,us-east-1
2024-02-11,AmazonLambda,493359033768,DataTransfer,17.65,eu-west-1
2024-02-11,AmazonRDS,492309951341,BoxUsage,15.79,ap-southeast-1
2024-02-11,AmazonS3,404370701822,DataTransfer,9.81,eu-west-1
2024-02-11,AmazonRDS,597227320874,Lambda-GB-Second,24.07,eu-west-1
2024-02-12,AmazonS3,709414324429,BoxUsage,4.31,us-east-1
2024-02-12,AmazonCloudWatch,151162935398,DataTransfer,23.05,ap-southeast-1
2024-02-12,AmazonCloudWatch,934646664245,BoxUsage,13.03,us-east-1
2024-02-12,AmazonEC2,858792151881,TimedStorage,2.68,us-west-2
2024-02-12,AmazonS3,453868469937,Requests,13.41,us-east-1
2024-02-13,AmazonEC2,297990325784,Requests,35.62,us-east-1
2024-02-13,AmazonRDS,211828451880,BoxUsage,5.26,us-west-2
2024-02-13,AmazonEC2,501406764067,TimedStorage,2.82,us-west-2
2024-02-13,AmazonLambda,837874684007,Requests,9.29,eu-west-1
2024-02-13,AmazonLambda,909910006000,Requests,10.82,eu-west-1
2024-02-13,AmazonEC2,242073257649,DataTransfer,11.99,eu-west-1
2024-02-13,AmazonS3,525413952604,Requests,4.75,us-east-1
2024-02-13,AmazonRDS,700892645280,BoxUsage,13.02,eu-west-1
2024-02-13,AmazonRDS,590676631031,DataTransfer,5.96,ap-southeast-1
2024-02-13,AmazonRDS,622153762576,Requests,6.7,ap-southeast-1
2024-02-13,AmazonCloudWatch,722708612227,Requests,19.99,eu-west-1
2024-02-13,AmazonRDS,678503946196,Requests,9.91,us-east-1
2024-02-14,AmazonRDS,310885634406,Requests,5.17,ap-southeast-1
2024-02-14,AmazonLambda,650667011616,TimedStorage,10.87,us-east-1
2024-02-14,AmazonEC2,367853077116,TimedStorage,23.38,eu-west-1
2024-02-14,AmazonCloudWatch,194977437788,DataTransfer,5.11,eu-west-1
2024-02-14,AmazonRDS,928507160449,Lambda-GB-Second,13.94,ap-southeast-1
2024-02-14,AmazonLambda,818601005088,TimedStorage,2.63,ap-southeast-1
2024-02-14,AmazonRDS,797909594299,DataTransfer,1.07,us-east-1
2024-02-14,AmazonS3,420616775107,TimedStorage,6.39,us-east-1
2024-02-14,AmazonCloudWatch,657259106201,BoxUsage,7.9,eu-west-1
2024-02-14,AmazonCloudWatch,422987642599,BoxUsage,21.91,eu-west-1
2024-02-15,AmazonS3,247082541488,BoxUsage,3.7,us-west-2
2024-02-15,AmazonRDS,736970305812,DataTransfer,20.81,us-west-2
2024-02-15,AmazonEC2,171869151088,DataTransfer,1.88,us-west-2
2024-02-15,AmazonCloudWatch,924878097397,BoxUsage,14.92,eu-west-1
2024-02-15,AmazonLambda,902706827277,Lambda-GB-Second,15.45,us-west-2
2024-02-15,AmazonLambda,536364094779,BoxUsage,3.75,us-west-2
2024-02-15,AmazonS3,345784600105,Lambda-GB-Second,5.1,us-east-1
2024-02-16,AmazonCloudWatch,608106202140,TimedStorage,33.44,us-west-2
2024-02-16,AmazonEC2,261743343782,DataTransfer,1.5,us-west-2
2024-02-16,AmazonCloudWatch,839391488246,TimedStorage,4.23,us-west-2
2024-02-16,AmazonRDS,152948926387,Lambda-GB-Second,20.75,us-west-2
2024-02-16,AmazonCloudWatch,468991385536,Requests,11.11,eu-west-1
2024-02-16,AmazonCloudWatch,110520739424,Lambda-GB-Second,12.0,us-west-2
2024-02-16,AmazonLambda,904508832629,Lambda-GB-Second,10.4,us-east-1
2024-02-16,AmazonRDS,405634166922,DataTransfer,13.77,ap-southeast-1
2024-02-16,AmazonRDS,245838620263,Requests,9.03,ap-southeast-1
2024-02-16,AmazonRDS,423824284182,Requests,1.55,us-east-1
2024-02-16,AmazonRDS,196714057006,DataTransfer,9.38,ap-southeast-1
2024-02-16,AmazonRDS,705753046621,Lambda-GB-Second,23.93,ap-southeast-1
2024-02-16,AmazonS3,896440798512,BoxUsage,8.84,ap-southeast-1
2024-02-17,AmazonEC2,772918215323,TimedStorage,4.13,ap-southeast-1
2024-02-17,AmazonEC2,282762402808,Lambda-GB-Second,17.61,us-east-1
2024-02-17,AmazonCloudWatch,312876442906,TimedStorage,6.63,us-west-2
2024-02-17,AmazonS3,323410554107,Lambda-GB-Second,11.8,ap-southeast-1
2024-02-17,AmazonLambda,426359126535,Requests,6.17,us-east-1
2024-02-17,AmazonEC2,724903432147,DataTransfer,1.42,eu-west-1
2024-02-17,AmazonEC2,920677991896,Lambda-GB-Second,0.62,eu-west-1
2024-02-17,AmazonS3,363882891987,BoxUsage,4.79,us-east-1
2024-02-17,AmazonEC2,964381930898,Lambda-GB-Second,8.58,eu-west-1
2024-02-17,AmazonEC2,431727178808,Lambda-GB-Second,19.42,ap-southeast-1
2024-02-17,AmazonEC2,279929003103,DataTransfer,1.19,us-west-2
2024-02-18,AmazonLambda,816229432044,TimedStorage,6.22,eu-west-1
2024-02-18,AmazonRDS,159917203028,TimedStorage,11.41,us-west-2
2024-02-18,AmazonS3,431126547922,Requests,4.15,us-west-2
2024-02-18,AmazonS3,851207137845,TimedStorage,16.67,us-west-2
2024-02-18,AmazonLambda,579981696503,Lambda-GB-Second,10.68,us-east-1
2024-02-18,AmazonLambda,856435192084,BoxUsage,11.35,ap-southeast-1
2024-02-18,AmazonS3,580897298949,Requests,5.92,us-east-1
2024-02-18,AmazonLambda,272425962876,BoxUsage,2.86,ap-southeast-1
2024-02-18,AmazonEC2,799183427961,Requests,8.79,us-west-2
2024-02-18,AmazonRDS,128707503346,TimedStorage,11.79,ap-southeast-1
2024-02-19,AmazonS3,748695511678,Lambda-GB-Second,8.34,ap-southeast-1
2024-02-19,AmazonEC2,638704574460,Lambda-GB-Second,5.51,ap-southeast-1
2024-02-19,AmazonEC2,187478303572,Lambda-GB-Second,12.12,us-west-2
2024-02-19,AmazonEC2,880994640252,BoxUsage,7.07,us-east-1
2024-02-19,AmazonLambda,448428459108,TimedStorage,16.18,ap-southeast-1
2024-02-19,AmazonLambda,571958310337,TimedStorage,30.17,us-east-1
2024-02-19,AmazonCloudWatch,980438270475,Lambda-GB-Second,13.91,us-west-2
2024-02-19,AmazonRDS,499206177382,TimedStorage,14.24,eu-west-1
2024-02-19,AmazonLambda,797887311587,DataTransfer,22.54,ap-southeast-1
2024-02-19,AmazonCloudWatch,886854020554,Requests,1.32,us-west-2
2024-02-19,AmazonS3,327407939652,Requests,21.25,us-east-1
2024-02-20,AmazonCloudWatch,418712544696,Requests,4.68,us-west-2
2024-02-20,AmazonRDS,317007921305,TimedStorage,1.46,us-west-2
2024-02-20,AmazonRDS,272150203831,Requests,6.14,us-west-2
2024-02-20,AmazonCloudWatch,939197077366,DataTransfer,14.24,eu-west-1
2024-02-20,AmazonLambda,345373510997,DataTransfer,10.63,us-east-1
2024-02-20,AmazonCloudWatch,746145880064,Requests,5.95,eu-west-1
2024-02-20,AmazonCloudWatch,346274370766,BoxUsage,20.98,ap-southeast-1
2024-02-20,AmazonRDS,569923955651,TimedStorage,8.47,eu-west-1
2024-02-20,AmazonCloudWatch,172407713813,DataTransfer,11.65,eu-west-1
2024-02-20,AmazonLambda,763558173975,BoxUsage,9.67,us-west-2
2024-02-20,AmazonLambda,847557720832,TimedStorage,21.41,eu-west-1
2024-02-20,AmazonEC2,397614380393,Lambda-GB-Second,3.86,ap-southeast-1
2024-02-20,AmazonEC2,197741624959,Lambda-GB-Second,23.89,us-east-1
2024-02-20,AmazonS3,835286365048,BoxUsage,10.71,eu-west-1
2024-02-20,AmazonCloudWatch,338828935842,Lambda-GB-Second,3.16,us-west-2
2024-02-21,AmazonRDS,295292605581,Lambda-GB-Second,3.47,eu-west-1
2024-02-21,AmazonEC2,402570821903,TimedStorage,3.44,ap-southeast-1
2024-02-21,AmazonS3,343757578134,TimedStorage,5.61,us-west-2
2024-02-21,AmazonRDS,757543372274,Lambda-GB-Second,17.39,ap-southeast-1
2024-02-21,AmazonEC2,825410216670,TimedStorage,7.17,us-east-1
2024-02-21,AmazonEC2,655963807870,Requests,18.07,us-west-2
2024-02-21,AmazonEC2,570433348075,BoxUsage,18.77,us-west-2
2024-02-21,AmazonCloudWatch,934299207791,BoxUsage,12.44,eu-west-1
2024-02-21,AmazonLambda,325061826428,Lambda-GB-Second,6.57,ap-southeast-1
2024-02-21,AmazonCloudWatch,292605833567,Lambda-GB-Second,16.11,us-west-2
2024-02-21,AmazonRDS,316909303116,Requests,16.47,eu-west-1
2024-02-21,AmazonRDS,505441151250,TimedStorage,14.77,eu-west-1
2024-02-21,AmazonCloudWatch,748997167742,DataTransfer,8.9,us-east-1
2024-02-22,AmazonS3,370287596303,TimedStorage,4.53,eu-west-1
2024-02-22,AmazonCloudWatch,724721636210,Lambda-GB-Second,8.84,eu-west-1
2024-02-22,AmazonLambda,886334293735,TimedStorage,9.62,eu-west-1
2024-02-22,AmazonCloudWatch,459104265289,Requests,13.69,us-west-2
2024-02-22,AmazonS3,649461586482,Lambda-GB-Second,2.34,ap-southeast-1
2024-02-22,AmazonLambda,659938348799,BoxUsage,12.42,us-east-1
2024-02-22,AmazonS3,199511671057,BoxUsage,8.21,ap-southeast-1
2024-02-22,AmazonCloudWatch,583648512315,TimedStorage,2.23,us-east-1
2024-02-22,AmazonRDS,117491387366,TimedStorage,11.53,us-east-1
2024-02-22,AmazonEC2,220347820434,Lambda-GB-Second,1.88,us-east-1
2024-02-22,AmazonCloudWatch,911008233696,DataTransfer,8.09,us-west-2
2024-02-22,AmazonS3,167480692963,TimedStorage,23.04,us-west-2
2024-02-23,AmazonRDS,138998196366,Lambda-GB-Second,13.44,eu-west-1
2024-02-23,AmazonS3,575283415679,DataTransfer,7.61,us-west-2
2024-02-23,AmazonCloudWatch,747248064354,BoxUsage,27.42,us-west-2
2024-02-23,AmazonEC2,877491547789,TimedStorage,6.09,eu-west-1
2024-02-23,AmazonS3,461608500597,Requests,2.56,us-east-1
2024-02-23,AmazonRDS,710356780411,DataTransfer,5.68,ap-southeast-1
2024-02-23,AmazonCloudWatch,272433196327,DataTransfer,7.37,us-west-2
2024-02-23,AmazonRDS,498460145312,Requests,6.73,ap-southeast-1
2024-02-23,AmazonLambda,744846718469,Requests,10.08,us-west-2
2024-02-23,AmazonS3,457306447198,Lambda-GB-Second,2.75,ap-southeast-1
2024-02-23,AmazonLambda,311269356515,TimedStorage,4.36,us-west-2
2024-02-23,AmazonEC2,348873743789,TimedStorage,7.51,ap-southeast-1
2024-02-24,AmazonRDS,167238882559,TimedStorage,13.24,eu-west-1
2024-02-24,AmazonS3,938021911769,BoxUsage,24.24,eu-west-1
2024-02-24,AmazonS3,866060301799,BoxUsage,11.77,eu-west-1
2024-02-24,AmazonEC2,617923873094,DataTransfer,10.28,ap-southeast-1
2024-02-24,AmazonEC2,243933690894,TimedStorage,6.5,eu-west-1
2024-02-24,AmazonEC2,671210342604,BoxUsage,8.36,us-east-1
2024-02-24,AmazonS3,657414724901,Lambda-GB-Second,7.93,us-west-2
2024-02-24,AmazonLambda,171311332076,TimedStorage,1.8,us-west-2
2024-02-25,AmazonLambda,244580061163,TimedStorage,1.54,us-west-2
2024-02-25,AmazonLambda,511748683181,Requests,2.83,ap-southeast-1
2024-02-25,AmazonS3,418958400590,DataTransfer,3.92,us-east-1
2024-02-25,AmazonEC2,598333201446,TimedStorage,9.27,us-west-2
2024-02-25,AmazonLambda,659365979034,DataTransfer,25.47,us-east-1
2024-02-25,AmazonEC2,243034026919,BoxUsage,1.29,us-east-1
2024-02-25,AmazonCloudWatch,465729671738,DataTransfer,7.17,us-west-2
2024-02-25,AmazonRDS,421974728654,Lambda-GB-Second,3.31,eu-west-1
2024-02-25,AmazonLambda,722401241861,BoxUsage,17.7,ap-southeast-1
2024-02-25,AmazonRDS,863750326541,BoxUsage,8.33,ap-southeast-1
2024-02-26,AmazonEC2,665806404787,Lambda-GB-Second,11.48,us-west-2
2024-02-26,AmazonLambda,885631383152,TimedStorage,11.79,ap-southeast-1
2024-02-26,AmazonEC2,843014862939,Requests,23.85,us-west-2
2024-02-26,AmazonS3,185554057252,TimedStorage,15.2,us-east-1
2024-02-26,AmazonLambda,561585191270,DataTransfer,15.53,ap-southeast-1
2024-02-26,AmazonEC2,788516441295,DataTransfer,8.89,eu-west-1
2024-02-26,AmazonLambda,896919116882,Requests,20.16,us-west-2
2024-02-26,AmazonEC2,761433154575,DataTransfer,12.86,eu-west-1
2024-02-26,AmazonRDS,127294783798,BoxUsage,8.6,us-west-2
2024-02-26,AmazonCloudWatch,935409868286,Lambda-GB-Second,19.13,us-west-2
2024-02-27,AmazonLambda,920052676270,Requests,11.56,us-east-1
2024-02-27,AmazonRDS,362621682593,Lambda-GB-Second,3.2,us-east-1
2024-02-27,AmazonS3,850015310702,BoxUsage,2.57,ap-southeast-1
2024-02-27,AmazonCloudWatch,503781489166,Lambda-GB-Second,8.62,eu-west-1
2024-02-27,AmazonLambda,534175855658,BoxUsage,3.07,us-east-1
2024-02-27,AmazonEC2,652594696824,Requests,11.78,eu-west-1
2024-02-27,AmazonCloudWatch,279826813148,TimedStorage,3.02,us-west-2
2024-02-27,AmazonRDS,960913671969,Requests,15.09,us-east-1
2024-02-27,AmazonEC2,233117890910,Requests,8.06,us-east-1
2024-02-27,AmazonS3,709739031482,BoxUsage,12.9,ap-southeast-1
2024-02-27,AmazonS3,824861700223,Requests,9.41,ap-southeast-1
2024-02-27,AmazonLambda,684854474643,TimedStorage,3.96,us-west-2
2024-02-27,AmazonCloudWatch,856772182243,TimedStorage,6.94,ap-southeast-1
2024-02-27,AmazonLambda,272567175335,DataTransfer,12.28,us-east-1
2024-02-27,AmazonEC2,361597865246,DataTransfer,14.88,ap-southeast-1
2024-02-28,AmazonRDS,112095468846,Lambda-GB-Second,8.43,ap-southeast-1
2024-02-28,AmazonLambda,680996880137,Lambda-GB-Second,20.1,us-east-1
2024-02-28,AmazonRDS,914480511362,Lambda-GB-Second,3.3,us-west-2
2024-02-28,AmazonLambda,386680128441,BoxUsage,8.13,eu-west-1
2024-02-28,AmazonS3,742970683373,BoxUsage,0.66,ap-southeast-1
2024-02-28,AmazonS3,475739299168,BoxUsage,24.77,ap-southeast-1
2024-02-28,AmazonLambda,780920992514,TimedStorage,18.62,eu-west-1
2024-02-28,AmazonCloudWatch,392072858150,TimedStorage,8.46,ap-southeast-1
2024-02-28,AmazonCloudWatch,877004229634,TimedStorage,3.15,ap-southeast-1
2024-02-28,AmazonCloudWatch,754243673911,TimedStorage,19.65,ap-southeast-1
2024-02-28,AmazonEC2,186621719216,DataTransfer,2.46,us-west-2
2024-02-28,AmazonRDS,240911067634,Requests,2.76,ap-southeast-1
2024-02-29,AmazonEC2,143560602338,Requests,3.54,ap-southeast-1
2024-02-29,AmazonRDS,482508702450,TimedStorage,4.3,ap-southeast-1
2024-02-29,AmazonEC2,119488367129,Lambda-GB-Second,4.91,eu-west-1
2024-02-29,AmazonRDS,127130365529,Requests,10.73,eu-west-1
2024-02-29,AmazonRDS,217745126940,Lambda-GB-Second,27.57,ap-southeast-1
2024-02-29,AmazonS3,163909002845,Requests,5.19,us-east-1
2024-02-29,AmazonRDS,945071097471,Lambda-GB-Second,35.86,us-east-1
2024-02-29,AmazonS3,773136352797,BoxUsage,3.11,us-west-2
2024-02-29,AmazonCloudWatch,425535536433,Requests,29.8,eu-west-1
2024-02-29,AmazonCloudWatch,370617399941,Requests,11.57,us-west-2
2024-02-29,AmazonS3,808744156515,DataTransfer,20.94,ap-southeast-1
2024-02-29,AmazonEC2,437690838191,DataTransfer,2.92,us-east-1
2024-02-29,AmazonS3,190355354372,BoxUsage,7.78,us-west-2
2024-03-01,AmazonLambda,412022360402,DataTransfer,19.59,eu-west-1
2024-03-01,AmazonS3,146172089661,TimedStorage,7.93,ap-southeast-1
2024-03-01,AmazonLambda,903317013255,Requests,13.19,us-east-1
2024-03-01,AmazonEC2,101756752423,Requests,3.68,ap-southeast-1
2024-03-01,AmazonLambda,382786677325,TimedStorage,1.88,us-east-1
2024-03-01,AmazonCloudWatch,363221613106,DataTransfer,17.23,us-east-1
2024-03-01,AmazonS3,693287540641,TimedStorage,23.39,eu-west-1
2024-03-01,AmazonRDS,714754710914,DataTransfer,1.87,ap-southeast-1
2024-03-01,AmazonEC2,554339466659,Requests,10.68,ap-southeast-1
2024-03-01,AmazonRDS,692432110234,Lambda-GB-Second,15.71,ap-southeast-1
2024-03-01,AmazonLambda,648924249136,BoxUsage,13.01,ap-southeast-1
2024-03-01,AmazonRDS,535253474862,DataTransfer,10.8,ap-southeast-1
2024-03-02,AmazonEC2,365450771207,Lambda-GB-Second,14.74,us-east-1
2024-03-02,AmazonRDS,903588282416,TimedStorage,18.79,us-east-1
2024-03-02,AmazonLambda,743990563526,BoxUsage,12.39,us-west-2
2024-03-02,AmazonLambda,728919283728,BoxUsage,19.91,eu-west-1
2024-03-02,AmazonEC2,954728690967,BoxUsage,6.47,us-west-2
2024-03-02,AmazonRDS,619335220070,Requests,13.47,us-east-1
2024-03-02,AmazonLambda,948566019533,DataTransfer,12.17,us-east-1
2024-03-02,AmazonLambda,506755356434,Lambda-GB-Second,3.09,us-east-1
2024-03-02,AmazonS3,190175198932,TimedStorage,11.47,us-west-2
2024-03-02,AmazonRDS,609039714973,Requests,22.86,us-west-2
2024-03-02,AmazonCloudWatch,236421428834,Lambda-GB-Second,11.69,us-east-1
2024-03-02,AmazonLambda,833810573530,TimedStorage,4.12,us-west-2
2024-03-02,AmazonCloudWatch,800167530667,BoxUsage,6.95,us-east-1
2024-03-02,AmazonS3,543786297336,DataTransfer,11.13,ap-southeast-1
2024-03-02,AmazonCloudWatch,835241234316,DataTransfer,18.99,ap-southeast-1
2024-03-02,AmazonEC2,810111323924,Requests,12.86,us-east-1
2024-03-02,AmazonS3,391855824268,Lambda-GB-Second,18.22,us-west-2
2024-03-02,AmazonRDS,880896715728,TimedStorage,3.25,us-east-1
2024-03-02,AmazonCloudWatch,852653457273,Requests,8.15,ap-southeast-1
2024-03-02,AmazonS3,184446284170,Requests,11.64,ap-southeast-1
2024-03-02,AmazonRDS,388456426116,Lambda-GB-Second,20.87,us-east-1
2024-03-02,AmazonCloudWatch,785670346632,BoxUsage,7.07,us-west-2
2024-03-02,AmazonEC2,320816710999,TimedStorage,7.68,us-west-2
2024-03-03,AmazonEC2,124684732394,Requests,12.97,us-west-2
2024-03-03,AmazonCloudWatch,138451361235,TimedStorage,17.09,eu-west-1
2024-03-03,AmazonCloudWatch,749863506540,BoxUsage,10.3,eu-west-1
2024-03-03,AmazonCloudWatch,148205543921,Lambda-GB-Second,6.5,eu-west-1
2024-03-03,AmazonS3,960768182839,Lambda-GB-Second,19.06,eu-west-1
2024-03-03,AmazonCloudWatch,333644244923,TimedStorage,10.94,ap-southeast-1
2024-03-03,AmazonEC2,700457049556,TimedStorage,8.01,us-west-2
2024-03-03,AmazonEC2,160594362395,Requests,14.43,us-east-1
2024-03-03,AmazonS3,862611614136,Lambda-GB-Second,7.2,us-west-2
2024-03-03,AmazonS3,468576968028,DataTransfer,8.8,us-west-2
2024-03-03,AmazonEC2,381875569104,BoxUsage,15.17,us-east-1
2024-03-03,AmazonRDS,720934682203,BoxUsage,2.24,us-east-1
2024-03-03,AmazonRDS,666766218093,Requests,12.39,us-west-2
2024-03-03,AmazonRDS,306372086892,BoxUsage,11.73,ap-southeast-1
2024-03-04,AmazonEC2,300243806739,Requests,22.11,us-east-1
2024-03-04,AmazonRDS,426965508052,TimedStorage,11.6,ap-southeast-1
2024-03-04,AmazonS3,985521411486,Lambda-GB-Second,9.74,ap-southeast-1
2024-03-04,AmazonRDS,558572647929,TimedStorage,4.92,eu-west-1
2024-03-04,AmazonCloudWatch,921840444488,Lambda-GB-Second,18.28,eu-west-1
2024-03-04,AmazonEC2,402871691710,Requests,10.78,eu-west-1
2024-03-04,AmazonEC2,963224404110,TimedStorage,10.33,us-east-1
2024-03-04,AmazonRDS,494300814500,Requests,13.09,us-east-1
2024-03-04,AmazonLambda,941700202218,TimedStorage,29.85,ap-southeast-1
2024-03-04,AmazonEC2,194692542618,TimedStorage,8.02,us-west-2
2024-03-04,AmazonS3,454316534185,BoxUsage,2.24,us-east-1
2024-03-04,AmazonRDS,504113474353,DataTransfer,3.59,eu-west-1
2024-03-04,AmazonEC2,244207925100,TimedStorage,14.45,us-west-2
2024-03-05,AmazonLambda,334343599212,DataTransfer,2.67,ap-southeast-1
2024-03-05,AmazonRDS,873075234463,DataTransfer,6.38,ap-southeast-1
2024-03-05,AmazonRDS,859824172186,DataTransfer,21.56,us-west-2
2024-03-05,AmazonEC2,141571316620,BoxUsage,12.13,eu-west-1
2024-03-05,AmazonLambda,987776066806,BoxUsage,5.17,ap-southeast-1
2024-03-05,AmazonRDS,719089897481,Requests,6.39,eu-west-1
2024-03-05,AmazonRDS,903728254272,DataTransfer,2.88,us-west-2
2024-03-05,AmazonS3,341032128100,DataTransfer,9.29,us-west-2
2024-03-05,AmazonEC2,310230181175,Lambda-GB-Second,17.55,us-west-2
2024-03-06,AmazonS3,705806168709,BoxUsage,4.18,us-west-2
2024-03-06,AmazonLambda,848894775231,BoxUsage,6.24,us-east-1
2024-03-06,AmazonEC2,135062095869,Requests,20.89,ap-southeast-1
2024-03-06,AmazonS3,420517940816,Lambda-GB-Second,11.39,eu-west-1
2024-03-06,AmazonS3,672783414730,BoxUsage,45.54,us-west-2
2024-03-06,AmazonCloudWatch,277287804509,BoxUsage,2.77,us-west-2
2024-03-06,AmazonEC2,527963063285,Lambda-GB-Second,8.3,us-west-2
2024-03-06,AmazonLambda,726978318955,BoxUsage,6.89,us-west-2
2024-03-06,AmazonEC2,193072816405,Lambda-GB-Second,4.51,ap-southeast-1
2024-03-06,AmazonEC2,403446949331,Requests,12.44,us-east-1
2024-03-07,AmazonCloudWatch,496946448991,Requests,13.29,ap-southeast-1
2024-03-07,AmazonCloudWatch,345254067131,BoxUsage,11.72,eu-west-1
2024-03-07,AmazonCloudWatch,728636033649,Lambda-GB-Second,12.98,eu-west-1
2024-03-07,AmazonRDS,836521734396,TimedStorage,15.36,us-west-2
2024-03-07,AmazonEC2,205388172836,Requests,1.77,us-east-1
2024-03-07,AmazonCloudWatch,403625166948,Requests,6.36,eu-west-1
2024-03-07,AmazonLambda,336105804112,Requests,25.5,eu-west-1
2024-03-07,AmazonEC2,716306496186,Lambda-GB-Second,28.71,us-east-1
2024-03-07,AmazonRDS,604332998181,BoxUsage,22.29,ap-southeast-1
2024-03-07,AmazonRDS,469837758375,Requests,11.09,us-east-1
2024-03-08,AmazonS3,650833072878,TimedStorage,10.07,eu-west-1
2024-03-08,AmazonRDS,526403560230,TimedStorage,2.62,us-west-2
2024-03-08,AmazonRDS,641690993245,Lambda-GB-Second,3.56,us-east-1
2024-03-08,AmazonCloudWatch,922161189583,Requests,8.66,us-east-1
2024-03-08,AmazonS3,658655835412,BoxUsage,15.15,eu-west-1
2024-03-08,AmazonRDS,299413288221,Requests,30.39,us-east-1
2024-03-09,AmazonLambda,702341392141,DataTransfer,10.94,us-west-2
2024-03-09,AmazonRDS,577284047334,Lambda-GB-Second,15.16,us-west-2
2024-03-09,AmazonLambda,923827727331,BoxUsage,5.68,eu-west-1
2024-03-09,AmazonS3,909892775108,DataTransfer,4.6,eu-west-1
2024-03-09,AmazonLambda,360269261173,DataTransfer,1.09,us-west-2
2024-03-09,AmazonCloudWatch,633132006350,BoxUsage,24.83,us-east-1
2024-03-09,AmazonLambda,968415075167,DataTransfer,15.07,ap-southeast-1
2024-03-09,AmazonRDS,612078839988,BoxUsage,9.71,ap-southeast-1
2024-03-09,AmazonCloudWatch,129100106005,DataTransfer,10.17,ap-southeast-1
2024-03-09,AmazonEC2,731681295785,TimedStorage,6.93,eu-west-1
2024-03-09,AmazonLambda,131772337598,TimedStorage,10.7,eu-west-1
2024-03-09,AmazonCloudWatch,614309094597,Lambda-GB-Second,15.57,us-west-2
2024-03-09,AmazonRDS,972317469040,DataTransfer,13.7,us-west-2
2024-03-10,AmazonRDS,472168825713,TimedStorage,15.78,eu-west-1
2024-03-10,AmazonS3,521777765197,Lambda-GB-Second,27.56,us-east-1
2024-03-10,AmazonCloudWatch,521506509471,Lambda-GB-Second,3.22,ap-southeast-1
2024-03-10,AmazonS3,192099791216,Lambda-GB-Second,30.35,eu-west-1
2024-03-10,AmazonEC2,531712386305,BoxUsage,30.56,us-east-1
2024-03-10,AmazonEC2,523993679295,Lambda-GB-Second,8.98,us-east-1
2024-03-10,AmazonS3,674969236491,Requests,1.16,eu-west-1
2024-03-10,AmazonCloudWatch,898263117756,DataTransfer,8.68,ap-southeast-1
2024-03-10,AmazonEC2,575063804604,BoxUsage,9.5,us-west-2
2024-03-10,AmazonCloudWatch,385243927331,Requests,26.25,us-west-2
2024-03-10,AmazonCloudWatch,369312775028,DataTransfer,3.19,us-west-2
2024-03-11,AmazonCloudWatch,790438527017,BoxUsage,2.76,eu-west-1
2024-03-11,AmazonRDS,231875059764,Lambda-GB-Second,13.45,eu-west-1
2024-03-11,AmazonLambda,731499204011,TimedStorage,2.96,us-west-2
2024-03-11,AmazonRDS,900721866399,BoxUsage,7.6,ap-southeast-1
2024-03-11,AmazonCloudWatch,751774564697,DataTransfer,14.21,us-east-1
2024-03-11,AmazonCloudWatch,123971341637,Lambda-GB-Second,2.36,us-east-1
2024-03-12,AmazonLambda,412098052039,BoxUsage,10.01,us-east-1
2024-03-12,AmazonCloudWatch,271267449716,Lambda-GB-Second,4.55,ap-southeast-1
2024-03-12,AmazonRDS,290062679421,TimedStorage,5.67,us-east-1
2024-03-12,AmazonEC2,154331613236,TimedStorage,6.43,us-west-2
2024-03-12,AmazonEC2,109955554057,BoxUsage,2.42,eu-west-1
2024-03-12,AmazonLambda,689795340437,Lambda-GB-Second,20.73,eu-west-1
2024-03-12,AmazonS3,868594944919,DataTransfer,5.93,us-east-1
2024-03-12,AmazonLambda,729526182333,Lambda-GB-Second,18.73,us-east-1
2024-03-12,AmazonCloudWatch,462963926456,DataTransfer,1.81,eu-west-1
2024-03-13,AmazonLambda,777612474718,Lambda-GB-Second,20.56,us-east-1
2024-03-13,AmazonLambda,937051420331,BoxUsage,3.78,eu-west-1
2024-03-13,AmazonLambda,726543673392,BoxUsage,2.26,ap-southeast-1
2024-03-13,AmazonEC2,706819729417,Requests,25.3,us-west-2
2024-03-13,AmazonLambda,211020263167,Requests,5.06,ap-southeast-1
2024-03-13,AmazonRDS,436379171851,Lambda-GB-Second,2.46,us-west-2
2024-03-13,AmazonCloudWatch,242073338227,TimedStorage,2.96,us-east-1
2024-03-13,AmazonRDS,257381510221,Requests,4.81,us-west-2
2024-03-14,AmazonS3,953053990891,TimedStorage,9.66,us-east-1
2024-03-14,AmazonS3,969347302479,Requests,15.3,us-west-2
2024-03-14,AmazonEC2,110001944047,TimedStorage,7.71,eu-west-1
2024-03-14,AmazonLambda,556873108075,Lambda-GB-Second,3.85,us-west-2
2024-03-14,AmazonS3,575247765177,TimedStorage,11.01,eu-west-1
2024-03-14,AmazonLambda,646416610910,DataTransfer,6.26,us-east-1
2024-03-14,AmazonEC2,942171349185,TimedStorage,6.72,eu-west-1
2024-03-14,AmazonS3,277034609040,DataTransfer,11.52,us-east-1
2024-03-14,AmazonCloudWatch,935567667175,Requests,6.5,us-east-1
2024-03-14,AmazonLambda,940388527893,BoxUsage,1.87,us-west-2
2024-03-15,AmazonEC2,319006402293,Requests,12.02,us-west-2
2024-03-15,AmazonEC2,139172783219,DataTransfer,8.67,us-west-2
2024-03-15,AmazonS3,976169017094,Lambda-GB-Second,13.91,ap-southeast-1
2024-03-15,AmazonS3,359164376191,DataTransfer,10.34,ap-southeast-1
2024-03-15,AmazonCloudWatch,392514757833,DataTransfer,9.32,ap-southeast-1
2024-03-15,AmazonS3,933102942289,Lambda-GB-Second,17.31,eu-west-1
2024-03-15,AmazonS3,971438719836,Lambda-GB-Second,6.93,us-west-2
2024-03-15,AmazonLambda,297797030208,BoxUsage,17.45,ap-southeast-1
2024-03-15,AmazonLambda,180390874585,TimedStorage,12.48,eu-west-1
2024-03-15,AmazonLambda,106373754773,DataTransfer,28.19,eu-west-1
2024-03-15,AmazonRDS,944274261572,Lambda-GB-Second,3.57,us-east-1
2024-03-15,AmazonEC2,469021994556,Requests,13.86,ap-southeast-1
2024-03-15,AmazonS3,884517451851,TimedStorage,6.47,us-east-1
2024-03-15,AmazonRDS,998549889234,BoxUsage,5.11,ap-southeast-1
2024-03-15,AmazonCloudWatch,859588852188,TimedStorage,7.21,ap-southeast-1
2024-03-15,AmazonRDS,207988735776,TimedStorage,23.67,eu-west-1
2024-03-15,AmazonEC2,305514652262,Lambda-GB-Second,0.79,us-east-1
2024-03-16,AmazonCloudWatch,317620466120,BoxUsage,13.65,us-west-2
2024-03-16,AmazonEC2,664383930728,Requests,1.13,us-west-2
2024-03-16,AmazonLambda,337463119046,Requests,11.86,eu-west-1
2024-03-16,AmazonS3,755574078106,TimedStorage,7.82,ap-southeast-1
2024-03-16,AmazonRDS,994283759617,Lambda-GB-Second,2.94,us-west-2
2024-03-16,AmazonRDS,496600004458,DataTransfer,17.34,ap-southeast-1
2024-03-16,AmazonS3,471311901992,Requests,5.69,eu-west-1
2024-03-16,AmazonLambda,900155777430,Lambda-GB-Second,10.73,ap-southeast-1
2024-03-16,AmazonLambda,426059552670,Lambda-GB-Second,9.29,eu-west-1
2024-03-17,AmazonRDS,615751711868,Lambda-GB-Second,8.9,ap-southeast-1
2024-03-17,AmazonLambda,616723142846,TimedStorage,9.06,us-west-2
2024-03-17,AmazonEC2,538962018512,Lambda-GB-Second,8.92,us-west-2
2024-03-17,AmazonS3,113431315186,DataTransfer,9.44,eu-west-1
2024-03-17,AmazonS3,798691824682,Requests,6.64,ap-southeast-1
2024-03-17,AmazonS3,752125892640,Lambda-GB-Second,8.63,us-west-2
2024-03-17,AmazonS3,412224261932,Lambda-GB-Second,6.03,ap-southeast-1
2024-03-17,AmazonEC2,505354808889,BoxUsage,13.19,us-west-2
2024-03-18,AmazonCloudWatch,940148115160,TimedStorage,21.65,us-west-2
2024-03-18,AmazonEC2,531538303808,Lambda-GB-Second,4.24,eu-west-1
2024-03-18,AmazonLambda,934425343684,Lambda-GB-Second,7.64,us-west-2
2024-03-18,AmazonS3,597075748438,TimedStorage,26.64,us-west-2
2024-03-18,AmazonRDS,952275549770,DataTransfer,17.18,eu-west-1
2024-03-18,AmazonEC2,902980997653,Requests,14.87,us-west-2
2024-03-18,AmazonRDS,795284891858,Requests,4.93,eu-west-1
2024-03-18,AmazonCloudWatch,642256348129,BoxUsage,3.08,us-east-1
2024-03-18,AmazonLambda,637637184771,Lambda-GB-Second,21.07,us-west-2
2024-03-19,AmazonEC2,195262552217,DataTransfer,4.95,eu-west-1
2024-03-19,AmazonCloudWatch,184574414749,Requests,5.92,ap-southeast-1
2024-03-19,AmazonCloudWatch,257029765048,Requests,7.95,us-west-2
2024-03-19,AmazonLambda,468903510403,Requests,0.42,ap-southeast-1
2024-03-19,AmazonRDS,769249899250,BoxUsage,3.23,us-west-2
2024-03-19,AmazonRDS,464590901319,BoxUsage,13.83,eu-west-1
2024-03-19,AmazonLambda,768191188574,Requests,2.89,us-west-2
2024-03-19,AmazonS3,434494479574,DataTransfer,11.38,eu-west-1
2024-03-20,AmazonS3,603598850976,Requests,9.69,eu-west-1
2024-03-20,AmazonLambda,402860364349,Requests,15.1,us-west-2
2024-03-20,AmazonRDS,647807840088,Requests,15.42,ap-southeast-1
2024-03-20,AmazonLambda,903649201296,TimedStorage,6.82,eu-west-1
2024-03-20,AmazonS3,429891732036,DataTransfer,10.8,eu-west-1
2024-03-20,AmazonCloudWatch,954765494210,Lambda-GB-Second,7.39,eu-west-1
2024-03-20,AmazonRDS,917926899052,TimedStorage,11.34,us-east-1
2024-03-20,AmazonLambda,167310605611,TimedStorage,16.68,us-east-1
2024-03-21,AmazonCloudWatch,517456673633,Lambda-GB-Second,9.79,eu-west-1
2024-03-21,AmazonLambda,673032538239,DataTransfer,27.76,ap-southeast-1
2024-03-21,AmazonS3,137212818326,Requests,6.23,us-west-2
2024-03-21,AmazonRDS,197636878728,DataTransfer,0.97,eu-west-1
2024-03-21,AmazonLambda,978482809197,TimedStorage,5.41,us-west-2
2024-03-21,AmazonCloudWatch,704767100939,DataTransfer,8.36,eu-west-1
2024-03-21,AmazonS3,613072998429,TimedStorage,6.23,us-east-1
2024-03-22,AmazonEC2,914687403221,DataTransfer,3.63,us-east-1
2024-03-22,AmazonS3,656339469156,TimedStorage,14.83,ap-southeast-1
2024-03-22,AmazonCloudWatch,923863732697,Lambda-GB-Second,12.78,ap-southeast-1
2024-03-22,AmazonS3,913606922581,TimedStorage,15.47,us-east-1
2024-03-22,AmazonS3,906796790386,DataTransfer,1.56,ap-southeast-1
2024-03-22,AmazonRDS,734956619636,TimedStorage,14.44,ap-southeast-1
2024-03-22,AmazonEC2,355250857948,DataTransfer,13.65,us-west-2
2024-03-23,AmazonCloudWatch,637503102692,DataTransfer,11.14,ap-southeast-1
2024-03-23,AmazonCloudWatch,400845020827,TimedStorage,12.07,eu-west-1
2024-03-23,AmazonS3,456783480178,DataTransfer,9.28,eu-west-1
2024-03-23,AmazonCloudWatch,704593031514,BoxUsage,8.04,us-east-1
2024-03-23,AmazonS3,238625727648,BoxUsage,5.02,ap-southeast-1
2024-03-24,AmazonS3,117610821406,DataTransfer,2.73,ap-southeast-1
2024-03-24,AmazonEC2,475128293421,TimedStorage,8.63,us-west-2
2024-03-24,AmazonRDS,935049375647,BoxUsage,27.89,us-west-2
2024-03-24,AmazonS3,797190893233,TimedStorage,4.11,ap-southeast-1
2024-03-24,AmazonCloudWatch,724574009117,Lambda-GB-Second,7.66,eu-west-1
2024-03-24,AmazonS3,843194442073,Lambda-GB-Second,14.49,ap-southeast-1
2024-03-24,AmazonRDS,367259847101,TimedStorage,12.87,ap-southeast-1
2024-03-24,AmazonS3,632575711141,BoxUsage,6.53,eu-west-1
2024-03-24,AmazonCloudWatch,474469384528,BoxUsage,4.29,us-east-1
2024-03-24,AmazonLambda,280698713796,TimedStorage,11.36,ap-southeast-1
2024-03-24,AmazonRDS,144081340758,Lambda-GB-Second,11.4,eu-west-1
2024-03-25,AmazonS3,639591987190,Lambda-GB-Second,4.53,us-east-1
2024-03-25,AmazonLambda,340029764457,Lambda-GB-Second,14.01,eu-west-1
2024-03-25,AmazonLambda,391573093365,BoxUsage,6.18,us-west-2
2024-03-25,AmazonLambda,240817878002,Lambda-GB-Second,18.39,ap-southeast-1
2024-03-25,AmazonS3,975673638206,TimedStorage,12.7,us-west-2
2024-03-25,AmazonLambda,297524905225,Lambda-GB-Second,1.13,eu-west-1
2024-03-25,AmazonLambda,290246408660,BoxUsage,7.12,us-east-1
2024-03-25,AmazonEC2,786806652075,Lambda-GB-Second,6.16,ap-southeast-1
2024-03-26,AmazonRDS,322600981757,TimedStorage,4.07,eu-west-1
2024-03-26,AmazonS3,158905607556,Requests,21.71,ap-southeast-1
2024-03-26,AmazonRDS,859366265116,TimedStorage,33.29,us-east-1
2024-03-26,AmazonCloudWatch,147972514475,Requests,3.67,eu-west-1
2024-03-26,AmazonS3,461570833142,BoxUsage,6.86,us-east-1
2024-03-26,AmazonCloudWatch,510718370363,BoxUsage,17.33,ap-southeast-1
2024-03-26,AmazonS3,617768515748,Requests,7.55,eu-west-1
2024-03-26,AmazonEC2,303894298858,TimedStorage,11.01,eu-west-1
2024-03-26,AmazonS3,265843785416,BoxUsage,6.84,eu-west-1
2024-03-26,AmazonLambda,771498755997,DataTransfer,2.29,us-west-2
2024-03-26,AmazonRDS,213977350283,TimedStorage,10.65,us-east-1
2024-03-26,AmazonEC2,135174801466,Lambda-GB-Second,4.62,us-east-1
2024-03-26,AmazonCloudWatch,530848348867,DataTransfer,4.69,us-east-1
2024-03-26,AmazonCloudWatch,525744144310,Requests,12.79,eu-west-1
2024-03-26,AmazonRDS,282518717254,TimedStorage,2.3,eu-west-1
2024-03-27,AmazonCloudWatch,597679534281,DataTransfer,5.59,us-east-1
2024-03-27,AmazonEC2,109211616837,Requests,28.51,eu-west-1
2024-03-27,AmazonEC2,533229077268,DataTransfer,4.51,eu-west-1
2024-03-27,AmazonS3,618490233741,TimedStorage,7.74,us-west-2
2024-03-27,AmazonCloudWatch,811342844510,BoxUsage,11.85,us-west-2
2024-03-27,AmazonCloudWatch,424442189718,Requests,9.21,eu-west-1
2024-03-27,AmazonCloudWatch,370346478191,DataTransfer,5.86,us-east-1
2024-03-27,AmazonLambda,553494556647,TimedStorage,9.86,us-east-1
2024-03-27,AmazonLambda,969481466599,Requests,6.37,us-west-2
2024-03-27,AmazonRDS,761088693013,Requests,12.11,eu-west-1
2024-03-28,AmazonRDS,966531556301,TimedStorage,11.98,us-east-1
2024-03-28,AmazonLambda,583141676539,Lambda-GB-Second,26.29,eu-west-1
2024-03-28,AmazonRDS,789752545041,Lambda-GB-Second,5.46,ap-southeast-1
2024-03-28,AmazonEC2,210911414335,TimedStorage,19.28,us-west-2
2024-03-28,AmazonRDS,288794463036,Lambda-GB-Second,15.57,eu-west-1
2024-03-28,AmazonEC2,681349633493,BoxUsage,10.41,us-west-2
2024-03-28,AmazonRDS,976588877101,Requests,4.19,ap-southeast-1
2024-03-28,AmazonEC2,106764222009,Lambda-GB-Second,11.52,ap-southeast-1
2024-03-28,AmazonLambda,448667266202,DataTransfer,17.33,ap-southeast-1
2024-03-29,AmazonCloudWatch,828767095178,Lambda-GB-Second,25.58,eu-west-1
2024-03-29,AmazonEC2,264754101213,BoxUsage,2.45,us-west-2
2024-03-29,AmazonS3,750926864941,DataTransfer,3.16,ap-southeast-1
2024-03-29,AmazonCloudWatch,785948678479,BoxUsage,5.33,ap-southeast-1
2024-03-29,AmazonCloudWatch,946160147835,DataTransfer,33.28,ap-southeast-1
2024-03-29,AmazonCloudWatch,266954576439,Lambda-GB-Second,13.88,us-east-1
2024-03-29,AmazonRDS,421711680794,TimedStorage,7.94,us-east-1
2024-03-29,AmazonS3,166446303777,Lambda-GB-Second,5.22,ap-southeast-1
2024-03-29,AmazonRDS,251246770224,Lambda-GB-Second,16.29,ap-southeast-1
2024-03-29,AmazonEC2,584704988235,TimedStorage,5.0,ap-southeast-1
2024-03-29,AmazonCloudWatch,321075567183,BoxUsage,14.64,eu-west-1
2024-03-29,AmazonRDS,583902305056,TimedStorage,8.37,us-east-1
2024-03-29,AmazonS3,411556105611,DataTransfer,11.25,eu-west-1
2024-03-29,AmazonEC2,604729741666,Requests,24.16,eu-west-1
2024-03-30,AmazonRDS,487534330312,Requests,4.4,eu-west-1
2024-03-30,AmazonEC2,108087412805,DataTransfer,9.53,us-east-1
2024-03-30,AmazonRDS,536434821377,Lambda-GB-Second,8.0,us-east-1
2024-03-30,AmazonS3,944275250543,Lambda-GB-Second,6.05,us-west-2
2024-03-30,AmazonS3,905834717670,Requests,11.4,ap-southeast-1
2024-03-30,AmazonCloudWatch,708584694737,DataTransfer,14.97,us-east-1
2024-03-30,AmazonEC2,902374070815,BoxUsage,25.62,ap-southeast-1
2024-03-30,AmazonEC2,864335826914,TimedStorage,9.66,us-east-1
2024-03-30,AmazonRDS,173459086781,TimedStorage,13.59,eu-west-1
2024-03-30,AmazonLambda,381145206988,Requests,23.5,us-east-1
2024-03-30,AmazonCloudWatch,115556271047,Lambda-GB-Second,16.25,ap-southeast-1
2024-03-30,AmazonS3,221992013226,Lambda-GB-Second,11.17,us-west-2
2024-03-30,AmazonRDS,124996298645,TimedStorage,3.97,ap-southeast-1
2024-03-30,AmazonCloudWatch,256510669131,Requests,5.73,eu-west-1
2024-03-30,AmazonEC2,338241875685,Lambda-GB-Second,3.1,eu-west-1
2024-03-30,AmazonS3,744218559142,Lambda-GB-Second,11.99,eu-west-1
2024-03-30,AmazonRDS,852100037857,Requests,6.35,us-east-1
2024-03-30,AmazonEC2,926270641628,DataTransfer,10.15,us-east-1
2024-03-30,AmazonLambda,704044665366,BoxUsage,4.77,us-east-1
2024-03-30,AmazonCloudWatch,869709325506,TimedStorage,5.99,us-west-2
2024-03-30,AmazonS3,521411696351,TimedStorage,3.02,us-east-1
